IP,Country,Download,Upload,Latency,ISP,Timestamp,Latitude,Longitude,ConnectionType,DeviceID,POP,AppID,ExchangeName
188.50.64.225 HTTP/1.1,SA,11.205,21.967,97,Saudi Telecom Company Jsc,1.54213E+12,0,0,fixed,46fa6e26-1ef6-420c-bf8e-a37c3f61a6d1,FRA,com.paltalk.chat.android,mopub
94.49.176.55 HTTP/1.1,SA,25.728,13.919,119,Saudi Telecom Company Jsc,1.54213E+12,0,0,fixed,9c1ad6af-f285-4ae0-a01d-61b161107f0c,FRA|AMS,com.pixel.art.coloring.color.number,mopub
93.169.215.141 HTTP/1.1,SA,53.298,21.7,144,Saudi Telecom Company Jsc,1.54213E+12,27.959562,45.561022,cellular,730e902c-c1e3-4ecf-aa36-1c4f6d576563,LHR|AMS,com.skout.android,mopub
95.218.125.77 HTTP/1.1,SA,32.834,24.755,105,Saudi Telecom Company Jsc,1.54213E+12,24.770064,46.616147,fixed,9286f30b-2439-4de5-98b8-27f1c8cd1af7,FRA|LHR,com.skout.android,mopub
93.169.85.126 HTTP/1.1,SA,2.4,4.025,155,Saudi Telecom Company Jsc,1.54213E+12,24.561056,46.7864,cellular,0a0ab6f7-6403-47d4-b933-1fdae1ff81c5,AMS|FRA|LHR,com.followers.unfollowers,mopub
188.249.47.78 HTTP/1.1,SA,54.601,5.079,113,Etihad Atheeb Telecom Company,1.54213E+12,0,0,none,4c59cb09-7e76-4cc0-bbfd-6b461616a6d9,LHR,com.myyearbook.m,mopub
2001:16a2:fea:ca00:e523:b288:e612:3ca7 HTTP/1.1,SA,7.942,8.883,99,Saudi Telecom Company Jsc,1.54213E+12,0,0,fixed,38dc9f05-1c4a-480a-8edc-557318e3cde8,LHR|FRA|AMS,com.naver.linewebtoon,mopub
2001:16a2:461:c400:3551:4016:a341:8be0 HTTP/1.1,SA,27.084,14.149,240,Saudi Telecom Company Jsc,1.54213E+12,26.999907,49.620876,fixed,f4716ac4-9a11-4103-b408-6495b4a47dae,AMS|FRA|LHR,com.skout.android,mopub
2001:16a2:fea:ca00:e523:b288:e612:3ca7 HTTP/1.1,SA,34.975,9.608,115,Saudi Telecom Company Jsc,1.54213E+12,0,0,fixed,38dc9f05-1c4a-480a-8edc-557318e3cde8,LHR,com.naver.linewebtoon,mopub
188.50.117.182 HTTP/1.1,SA,4.512,3.057,128,Saudi Telecom Company Jsc,1.54213E+12,0,0,fixed,4e3c30dc-b2fb-4dab-b0b6-d68387a1d900,FRA|AMS|LHR,com.pixel.art.coloring.color.number,mopub
90.148.214.94 HTTP/1.1,SA,13.417,7.512,109,Saudi Telecom Company Jsc,1.54213E+12,18.274989,42.650067,fixed,ccdd8580-8828-41bf-a2d4-6073cc6bc4e6,FRA|LHR|AMS,com.skout.android,mopub
90.148.214.94 HTTP/1.1,SA,15.43,6.658,130,Saudi Telecom Company Jsc,1.54213E+12,18.274989,42.650067,fixed,ccdd8580-8828-41bf-a2d4-6073cc6bc4e6,LHR|AMS,com.skout.android,mopub
87.109.228.235 HTTP/1.1,SA,7.763,3.073,131,Saudi Telecom Company Jsc,1.54213E+12,0,0,fixed,00ae6c7e-a74a-4dae-b54f-643bfbcf08b4,LHR|AMS|FRA,com.skout.android,mopub
51.223.71.51 HTTP/1.1,SA,6.025,2.799,137,Saudi Telecom Company Jsc,1.54213E+12,0,0,fixed,42aadbfd-54fb-4bbe-9729-15f8dd7065c1,FRA|LHR,com.skout.android,mopub
51.223.96.112 HTTP/1.1,SA,13.034,5.696,159,Saudi Telecom Company Jsc,1.54213E+12,26.3136,50.204336,fixed,9f80b35f-7526-4117-8f37-ff73b81daf3e,FRA|LHR,com.gau.go.launcherex,mopub
51.253.247.221 HTTP/1.1,SA,38.254,27.702,185,Saudi Telecom Company Jsc,1.54213E+12,20.151429,40.287824,cellular,11115ab5-2a0f-461e-8479-64068e630c66,FRA|AMS,com.vialsoft.radarbot_free,mopub
95.185.171.10 HTTP/1.1,SA,5.155,26.141,145,Saudi Telecom Company Jsc,1.54213E+12,27.467046,41.776405,cellular,dbdc3576-974d-4391-8b0b-3d2a5a51a4f0,FRA|LHR,com.vialsoft.radarbot_free,mopub
2001:16a2:54c0:5200:a1fb:6864:c0e0:7f17 HTTP/1.1,SA,8.594,4.039,151,Saudi Telecom Company Jsc,1.54213E+12,0,0,fixed,82c6cb13-76da-44cd-86ec-1071936f28a5,FRA|LHR,com.skout.android,mopub
95.184.76.90 HTTP/1.1,SA,1.237,6.284,143,Saudi Telecom Company Jsc,1.54213E+12,0,0,cellular,7f1453b9-0c15-4d27-891c-a0e107b8d62c,FRA,com.pixel.art.coloring.color.number,mopub
93.169.155.251 HTTP/1.1,SA,10.614,13.34,138,Saudi Telecom Company Jsc,1.54213E+12,24.568495,46.871068,cellular,c21c5927-62a2-4838-8318-15624302f18d,LHR|FRA,com.skout.android,mopub
178.87.252.255 HTTP/1.1,SA,8.105,2.501,148,Saudi Telecom Company Jsc,1.54213E+12,26.27027,50.193147,fixed,b9e65987-2fe2-4b86-ba58-63212a41ba28,LHR|FRA|AMS,com.nextwave.wcc2,mopub
2.90.209.71 HTTP/1.1,SA,3.629,2.684,187,Saudi Telecom Company Jsc,1.54213E+12,24.628752,46.747897,fixed,2d8760bb-3eea-4ef5-b044-af341d5e2c42,FRA|LHR|AMS,com.skout.android,mopub
95.186.20.51 HTTP/1.1,SA,18.998,21.068,129,Saudi Telecom Company Jsc,1.54213E+12,29.950157,40.202672,cellular,1e51e806-b9f1-4fda-805b-981618ffaebd,FRA|LHR,com.jiubang.alock,mopub
93.168.65.184 HTTP/1.1,SA,13.277,5.883,161,Saudi Telecom Company Jsc,1.54213E+12,26.170831,50.155827,fixed,cfd6282b-27a7-46b6-aa15-2eb3c69460b1,AMS|LHR,com.askfm,mopub
128.234.206.146 HTTP/1.1,SA,7.899,3.563,109,Saudi Telecom Company Jsc,1.54213E+12,21.560969,39.209708,fixed,c3025d3c-e672-4ff6-87b1-b0eb5f38e866,AMS|FRA,com.skout.android,mopub
2001:16a2:317:ef00:309d:2dbb:81d0:53b5 HTTP/1.1,SA,36.945,12.371,228,Saudi Telecom Company Jsc,1.54213E+12,0,0,fixed,b9054373-b813-49e0-bc3e-51b36ddce0df,AMS|FRA,com.picsart.studio,mopub
176.47.5.114 HTTP/1.1,SA,40.399,30.233,143,Saudi Telecom Company Jsc,1.54213E+12,0,0,cellular,f168626e-dc40-4023-b55a-14289a2e4186,LHR,com.jb.emoji.gokeyboard,mopub
93.168.216.211 HTTP/1.1,SA,16.906,8.308,274,Saudi Telecom Company Jsc,1.54213E+12,0,0,cellular,10e372ef-c5c7-4ff8-9111-e3258d00669d,AMS|LHR|FRA,com.myyearbook.m,mopub
5.156.186.6 HTTP/1.1,SA,21.454,10.757,242,Saudi Telecom Company Jsc,1.54213E+12,24.812851,46.633335,cellular,8cdc78a7-360a-4d3d-bb96-0446e90c3a0a,AMS,com.steam.photoeditor,mopub
95.184.75.118 HTTP/1.1,SA,19.189,38.574,153,Saudi Telecom Company Jsc,1.54213E+12,26.07415,43.989424,cellular,d40a7b91-2aed-4926-8148-af05d15f10f9,FRA|LHR|AMS,com.followers.unfollowers,mopub
78.95.21.117 HTTP/1.1,SA,1.038,3.59,161,Saudi Telecom Company Jsc,1.54213E+12,27.485672,49.068928,cellular,5972e4e7-4cd2-43c7-aa1b-9b8b8e5f1c55,FRA|LHR|AMS,com.skout.android,mopub
188.51.129.13 HTTP/1.1,SA,13.859,9.632,138,Saudi Telecom Company Jsc,1.54213E+12,0,0,fixed,4ffecfd0-ad22-498e-9b96-cd5e3b019af1,LHR|AMS,com.jb.emoji.gokeyboard,mopub
2001:16a2:54c0:5200:a1fb:6864:c0e0:7f17 HTTP/1.1,SA,17.445,3.182,213,Saudi Telecom Company Jsc,1.54213E+12,0,0,fixed,82c6cb13-76da-44cd-86ec-1071936f28a5,FRA|LHR,com.skout.android,mopub
95.187.210.43 HTTP/1.1,SA,11.859,19.557,208,Saudi Telecom Company Jsc,1.54213E+12,0,0,cellular,5f0e02ee-41c4-4ebb-8da8-d4bb93278c0a,FRA|AMS,com.jb.zcamera,mopub
5.41.166.176 HTTP/1.1,SA,34.496,26.504,135,Saudi Telecom Company Jsc,1.54213E+12,21.486407,39.190187,cellular,eb7e2720-5438-4d10-b645-529b1faeda28,LHR|FRA,com.skout.android,mopub
51.253.218.166 HTTP/1.1,SA,12.151,13.715,208,Saudi Telecom Company Jsc,1.54213E+12,21.575932,39.157131,cellular,518c48da-987f-4a97-9cb5-ae155da5535d,FRA|AMS,com.skout.android,mopub
46.38.75.69 HTTP/1.1,SA,5.411,2.747,284,Integrated Telecom Co. Ltd,1.54213E+12,24.69449,46.636239,fixed,fbed2879-56f7-4647-ab37-35a4d6617d73,LHR,com.skout.android,mopub
93.168.178.249 HTTP/1.1,SA,22.845,11.53,134,Saudi Telecom Company Jsc,1.54213E+12,24.66394,46.646247,cellular,2dffd132-c04a-4c1b-9190-6b97d74fdce2,FRA|AMS,com.skout.android,mopub
151.255.81.96 HTTP/1.1,SA,8.027,19.801,130,Saudi Telecom Company Jsc,1.54213E+12,17.127969,42.650437,cellular,ccf5fb61-afb5-4110-b0ef-8c25ee550fa2,AMS|FRA|LHR,com.vialsoft.radarbot_free,mopub
176.47.56.162 HTTP/1.1,SA,5.599,9.432,186,Saudi Telecom Company Jsc,1.54213E+12,18.30927,42.693137,cellular,df208db7-7135-41c1-8788-2afcdbce7867,LHR|FRA,com.pixel.art.coloring.color.number,mopub
188.48.235.159 HTTP/1.1,SA,13.786,5.658,140,Saudi Telecom Company Jsc,1.54213E+12,0,0,fixed,d3d4fc52-8de8-417e-af81-0d9c20dc5f7a,LHR|FRA|AMS,com.picsart.studio,mopub
95.186.10.132 HTTP/1.1,SA,5.401,3.162,222,Saudi Telecom Company Jsc,1.54213E+12,24.705669,46.783427,cellular,edd09f55-1de8-4c22-8380-81fe1dbeb1e5,FRA|LHR|AMS,com.skout.android,mopub
2001:16a2:546b:2c00:8e2:9bce:64fa:30a6 HTTP/1.1,SA,16.685,4.859,121,Saudi Telecom Company Jsc,1.54213E+12,26.355846,50.039564,fixed,ee9636af-3f46-4c99-bf38-2e7f0368e39b,AMS|LHR,com.apusapps.browser,mopub
95.186.10.132 HTTP/1.1,SA,28.987,6.522,134,Saudi Telecom Company Jsc,1.54213E+12,24.705669,46.783427,cellular,edd09f55-1de8-4c22-8380-81fe1dbeb1e5,FRA,com.skout.android,mopub
2.89.227.92 HTTP/1.1,SA,15.623,20.852,124,Saudi Telecom Company Jsc,1.54213E+12,24.594337,46.604872,fixed,7b5680cb-c46b-4743-8aa6-3a83f5ace641,AMS|LHR,com.utorrent.client,mopub
95.184.87.125 HTTP/1.1,SA,10.77,15.786,148,Saudi Telecom Company Jsc,1.54213E+12,24.575862,46.573715,cellular,5239f992-c81b-4f2c-b23b-439b69c80daf,AMS|FRA,com.jiubang.alock,mopub
77.31.142.112 HTTP/1.1,SA,29.862,8.125,105,Saudi Telecom Company Jsc,1.54213E+12,0,0,fixed,89fa9e71-e160-4e70-b119-8a2288475eb4,LHR|FRA|AMS,com.utorrent.client,mopub
51.36.10.176 HTTP/1.1,SA,18.539,20.539,144,Zain Sa,1.54213E+12,24.703701,46.695975,fixed,48134462-f641-4ad0-a18a-7bf648e4a069,RUH,com.skout.android,mopub
51.36.55.5 HTTP/1.1,SA,12.749,18.425,47,Zain Sa,1.54213E+12,24.66164,46.711442,cellular,d9c412de-ef99-4a2f-be7f-94e76cb0f304,RUH,com.myyearbook.m,mopub
51.39.175.172 HTTP/1.1,SA,4.848,9.744,132,Zain Sa,1.54213E+12,0,0,cellular,40712d3f-f7c0-47d0-af71-2bd5742bc4cf,RUH,com.jb.emoji.gokeyboard,mopub
51.36.49.156 HTTP/1.1,SA,5.275,0,47,Zain Sa,1.54213E+12,24.961054,46.69633,cellular,b503eb72-7f8d-4d32-96d5-2ff29ad6f3a2,RUH,com.skout.android,mopub
178.87.87.101 HTTP/1.1,SA,30.418,9.151,116,Saudi Telecom Company Jsc,1.54213E+12,26.208122,50.191379,fixed,c5923741-b7cf-4389-aeb9-00ab508dc657,AMS|LHR,com.skout.android,mopub
51.36.100.15 HTTP/1.1,SA,32.437,20.859,79,Zain Sa,1.54213E+12,21.557423,39.20976,fixed,04b551a7-fd1d-42e1-8967-27c7a8d1356b,RUH,com.myyearbook.m,mopub
37.105.249.186 HTTP/1.1,SA,6.318,4.461,147,Saudi Telecom Company Jsc,1.54213E+12,24.627371,46.736181,fixed,956b01fa-8039-4d20-a121-0d8a8bf93756,FRA|LHR|AMS,com.myyearbook.m,mopub
95.185.95.192 HTTP/1.1,SA,15.139,2.798,179,Saudi Telecom Company Jsc,1.54213E+12,0,0,fixed,3fffbf4b-cb36-4fd1-bc32-c72339a700a4,FRA|AMS,com.picsart.studio,mopub
188.49.172.161 HTTP/1.1,SA,12.139,2.988,203,Saudi Telecom Company Jsc,1.54213E+12,0,0,fixed,a924aa53-b1a0-4f27-ba20-cc4ffc64383e,AMS|LHR,com.paltalk.chat.android,mopub
95.186.3.166 HTTP/1.1,SA,4.592,2.851,225,Saudi Telecom Company Jsc,1.54213E+12,19.532032,43.495018,none,ad6afbc6-f7cc-47c3-973b-7be485b38dcc,LHR|AMS,com.jb.zcamera,mopub
188.53.159.31 HTTP/1.1,SA,1.677,3.867,86,Saudi Telecom Company Jsc,1.54213E+12,21.428236,39.813625,fixed,0c28108e-c3ec-42c1-b7b2-cb58712dd5d6,FRA|AMS,com.nextwave.wcc2,mopub
159.0.129.95 HTTP/1.1,SA,11.01,2.631,194,Al Jawal Stc,1.54213E+12,0,0,fixed,5256bee3-068b-46e6-b23c-c1dc2b40e8e0,LHR|FRA,com.jb.emoji.gokeyboard,mopub
151.255.0.168 HTTP/1.1,SA,8.698,4.039,152,Saudi Telecom Company Jsc,1.54213E+12,0,0,cellular,fca8053d-ea8f-4221-afe8-f6200cfc39bc,LHR,com.picsart.studio,mopub
128.234.217.145 HTTP/1.1,SA,12.814,5.984,132,Saudi Telecom Company Jsc,1.54213E+12,21.403572,39.245245,fixed,ff7a454d-e952-43e4-b7bb-4c7619b1c6ca,LHR|FRA|AMS,com.skout.android,mopub
93.168.193.76 HTTP/1.1,SA,2.504,7.217,160,Saudi Telecom Company Jsc,1.54213E+12,25.44681,49.580679,fixed,c838e828-ade8-4bcf-ac0b-3437d6136da0,LHR|FRA|AMS,com.pixel.art.coloring.color.number,mopub
95.185.82.228 HTTP/1.1,SA,26.169,8.182,144,Saudi Telecom Company Jsc,1.54213E+12,0,0,cellular,e673ef19-922a-41a8-bff4-2b6a8bbfdcf8,FRA|LHR,com.jb.emoji.gokeyboard,mopub
2.89.199.76 HTTP/1.1,SA,2.626,3.014,138,Saudi Telecom Company Jsc,1.54213E+12,0,0,fixed,5aa1a500-4740-4e74-80d6-9d793bdb54e5,LHR|AMS,com.myyearbook.m,mopub
2001:16a2:56d:2400:150c:8991:6034:1295 HTTP/1.1,SA,23.563,2.55,123,Saudi Telecom Company Jsc,1.54213E+12,25.369946,49.561565,fixed,d8cb16cb-adb2-4490-9cf2-7db835106da4,FRA|LHR,free.music.tube.player,mopub
51.252.180.225 HTTP/1.1,SA,10.551,3.249,412,Saudi Telecom Company Jsc,1.54213E+12,0,0,fixed,f8ba0d17-aaf1-4381-a67a-618a5830426b,FRA|AMS,com.myyearbook.m,mopub
5.156.146.136 HTTP/1.1,SA,5.523,6.068,189,Saudi Telecom Company Jsc,1.54213E+12,27.047136,49.508247,fixed,f0bfc98b-eca7-48d9-8e2c-ef398e71aede,FRA|AMS,com.skout.android,mopub
51.36.126.185 HTTP/1.1,SA,1.587,9.187,98,Zain Sa,1.54213E+12,0,0,fixed,cc802746-6e01-4f3c-baf3-82dcbe94beb6,RUH,com.skout.android,mopub
95.219.138.210 HTTP/1.1,SA,1.108,4.902,283,Saudi Telecom Company Jsc,1.54213E+12,0,0,fixed,f9f0754d-e3e1-4620-843d-4a8753dc6ebc,LHR|FRA,com.pixel.art.coloring.color.number,mopub
95.187.36.187 HTTP/1.1,SA,40.847,8.884,158,Saudi Telecom Company Jsc,1.54213E+12,0,0,cellular,88fb23d1-d4c0-47ba-920b-a9b668103abc,AMS|FRA,com.cleanmaster.mguard,mopub
178.87.157.207 HTTP/1.1,SA,8.313,2.864,297,Saudi Telecom Company Jsc,1.54213E+12,0,0,fixed,6c977e90-87e1-48ee-bed0-a73ce7a92468,LHR|FRA,com.jb.emoji.gokeyboard,mopub
176.47.96.203 HTTP/1.1,SA,19.027,0,183,Saudi Telecom Company Jsc,1.54213E+12,28.136643,37.852634,cellular,bc7ba72a-2e15-4367-8054-82f4a2c8cb73,FRA|AMS,com.vialsoft.radarbot_free,mopub
51.39.18.49 HTTP/1.1,SA,2.577,5.535,1227,Zain Sa,1.54213E+12,0,0,fixed,88988bb5-5ef2-4ffa-8ea6-e8dd6d06efb3,RUH,com.picsart.studio,mopub
188.49.238.217 HTTP/1.1,SA,8.757,3.997,157,Saudi Telecom Company Jsc,1.54213E+12,0,0,fixed,a5a3c6a2-78ec-4c2a-94f3-8abf7374a088,LHR|FRA|AMS,com.zeroteam.zerolauncher,mopub
95.186.181.134 HTTP/1.1,SA,0.325,4.198,138,Saudi Telecom Company Jsc,1.54213E+12,18.300657,42.497054,cellular,b5ede8e2-cdf8-4046-a67c-4fd27034c77f,FRA,com.vialsoft.radarbot_free,mopub
2001:16a2:3ae2:b000:11a9:d381:7d46:89b1 HTTP/1.1,SA,23.926,1.172,116,Saudi Telecom Company Jsc,1.54213E+12,24.82844,46.65192,fixed,7dccb8f2-a7ef-4c59-90d1-f8df3d83b9ee,AMS|LHR,com.myyearbook.m,mopub
188.49.142.140 HTTP/1.1,SA,5.129,2.608,130,Saudi Telecom Company Jsc,1.54213E+12,0,0,fixed,b352b9a8-838f-4554-824f-aef7fd0496c5,AMS|LHR,com.pixel.art.coloring.color.number,mopub
188.249.47.78 HTTP/1.1,SA,31.723,3.412,274,Etihad Atheeb Telecom Company,1.54213E+12,0,0,none,4c59cb09-7e76-4cc0-bbfd-6b461616a6d9,LHR,com.myyearbook.m,mopub
93.169.246.228 HTTP/1.1,SA,2.807,4.444,151,Saudi Telecom Company Jsc,1.54213E+12,28.417925,46.037545,cellular,1a861f98-86de-4ed8-871e-eae6d6fb00b6,AMS|FRA,com.vialsoft.radarbot_free,mopub
94.49.224.123 HTTP/1.1,SA,14.924,5.902,193,Saudi Telecom Company Jsc,1.54213E+12,26.448127,50.090138,fixed,9c7beb91-68db-4a60-9ca9-2af88f731b00,AMS|LHR,com.jb.zcamera,mopub
95.186.132.108 HTTP/1.1,SA,6.205,17.056,176,Saudi Telecom Company Jsc,1.54213E+12,17.850801,42.381828,cellular,b631e11a-4824-4eca-839b-0fe423bbeda8,AMS|FRA,com.vialsoft.radarbot_free,mopub
95.186.132.108 HTTP/1.1,SA,12.101,6.724,180,Saudi Telecom Company Jsc,1.54213E+12,17.850801,42.381828,cellular,b631e11a-4824-4eca-839b-0fe423bbeda8,LHR|AMS,com.vialsoft.radarbot_free,mopub
5.156.200.30 HTTP/1.1,SA,44.913,38.796,149,Saudi Telecom Company Jsc,1.54213E+12,0,0,cellular,bcd35b03-6843-4848-93b2-412e27fb22f4,LHR|FRA|AMS,com.jb.emoji.gokeyboard,mopub
2001:16a2:449:2500:6163:f92e:15e2:1403 HTTP/1.1,SA,10.111,9.832,133,Saudi Telecom Company Jsc,1.54213E+12,0,0,fixed,426f52a0-47dd-49d2-a47a-acfefe180918,LHR|FRA,com.jb.emoji.gokeyboard,mopub
46.184.29.101 HTTP/1.1,SA,5.556,6.685,1065,Etihad Atheeb Telecom Company,1.54213E+12,24.469759,39.62649,fixed,164c2350-9109-4613-9092-a81c7f8d00cf,MRS,com.pixel.art.coloring.color.number,mopub
51.36.199.101 HTTP/1.1,SA,26.016,25.612,92,Zain Sa,1.54213E+12,25.954795,46.497355,fixed,051533fe-c691-4962-aea6-1acca3f50fde,RUH,com.jiubang.alock,mopub
51.36.106.42 HTTP/1.1,SA,2.557,13.818,96,Zain Sa,1.54213E+12,21.652345,39.253489,cellular,a16c3778-e6a8-4d91-a200-9ca684f756b0,RUH,com.myyearbook.m,mopub
93.169.74.226 HTTP/1.1,SA,4.315,3.985,219,Saudi Telecom Company Jsc,1.54213E+12,0,0,fixed,01242b8d-92ff-4cf1-aa87-352336e63949,LHR|FRA,com.utorrent.client,mopub
5.41.225.168 HTTP/1.1,SA,3.72,2.567,154,Saudi Telecom Company Jsc,1.54213E+12,0,0,fixed,ac4cf2d1-93ee-44bd-adbe-cecfe83569ab,AMS|LHR,com.h8games.helixjump,mopub
37.106.108.29 HTTP/1.1,SA,21.11,3.298,135,Saudi Telecom Company Jsc,1.54213E+12,26.3472,50.200143,fixed,69b3a2d2-8709-4fad-b6fb-5f8902f7d4d9,AMS|FRA|LHR,com.callapp.contacts,mopub
188.55.195.128 HTTP/1.1,SA,6.031,3.057,153,Saudi Telecom Company Jsc,1.54213E+12,21.467805,39.18551,fixed,d1e29264-b010-4716-b59c-aa8964b99c95,AMS|FRA,com.qihoo.security.lite,mopub
51.36.78.184 HTTP/1.1,SA,17.975,18.944,140,Zain Sa,1.54213E+12,21.575301,39.142552,fixed,2469e1d4-3ca3-4e22-981e-28b3537c201c,RUH,com.skout.android,mopub
188.53.147.227 HTTP/1.1,SA,7.713,2.616,189,Saudi Telecom Company Jsc,1.54213E+12,0,0,fixed,7581ff32-27f1-49b5-8b85-780ad47ea02a,FRA|LHR,com.skout.android,mopub
51.36.126.119 HTTP/1.1,SA,0.715,11.584,115,Zain Sa,1.54213E+12,21.357179,39.658645,cellular,7c9ae022-1700-460c-bd0e-f879673273a5,RUH,com.vialsoft.radarbot_free,mopub
51.36.9.247 HTTP/1.1,SA,20.091,9.765,56,Zain Sa,1.54213E+12,0,0,fixed,571d8067-c9ab-482f-93bb-a9c07e52bdf6,RUH,com.pixel.art.coloring.color.number,mopub
93.169.196.141 HTTP/1.1,SA,3.589,3.978,207,Saudi Telecom Company Jsc,1.54213E+12,17.63914,44.45687,cellular,2274ff13-fc7f-4017-af2a-5ed3a7cccac9,LHR|AMS|FRA,com.vialsoft.radarbot_free,mopub
2001:16a2:393e:800:19a1:42ef:2f6f:9d36 HTTP/1.1,SA,3.858,12.967,116,Saudi Telecom Company Jsc,1.54213E+12,0,0,fixed,d8dfb4b3-a529-405b-a43e-98321512a3c7,FRA,com.callapp.contacts,mopub
51.39.105.82 HTTP/1.1,SA,1.436,3.002,120,Zain Sa,1.54213E+12,0,0,unknown,bb5e8a85-9c2b-4214-bb49-5f025f53f2cf,RUH,com.jiubang.alock,mopub
51.235.153.56 HTTP/1.1,SA,8.434,58.062,94,Saudi Telecom Company Jsc,1.54213E+12,0,0,fixed,292b2d8e-3404-4f95-ab9d-5c465b8dddde,FRA|AMS,call.free.international.phone.call,mopub
95.187.153.190 HTTP/1.1,SA,15.134,4.156,130,Saudi Telecom Company Jsc,1.54213E+12,21.551274,39.171414,fixed,2310560b-a5cf-4920-842f-d57b8ab6b9dc,FRA|LHR,com.link.messages.sms,mopub
51.36.78.86 HTTP/1.1,SA,7.203,8.597,138,Zain Sa,1.54213E+12,0,0,fixed,97c0327b-7352-4379-9af8-6fd558e8ea59,RUH,com.polestar.domultiple,mopub
188.51.181.52 HTTP/1.1,SA,5.76,1.515,176,Saudi Telecom Company Jsc,1.54213E+12,0,0,fixed,3b25921a-c698-4348-89eb-ec143fe1732b,FRA|AMS,com.pixel.art.coloring.color.number,mopub
51.36.92.83 HTTP/1.1,SA,5.492,8.965,192,Zain Sa,1.54213E+12,0,0,fixed,dbb7013f-a193-44a6-9f82-822d2dfb31a4,RUH,com.waplogmatch.social,mopub
95.218.63.126 HTTP/1.1,SA,6.346,2.86,121,Saudi Telecom Company Jsc,1.54213E+12,24.644868,46.772085,fixed,923837fd-8968-4c27-82b0-f7cb29d9c85b,AMS|LHR,com.waplogmatch.social,mopub
176.45.239.232 HTTP/1.1,SA,22.748,5.407,92,Saudi Telecom Company Jsc,1.54213E+12,21.52352,39.228785,fixed,b10959c7-e55e-4504-9892-3012b29cb3c4,AMS|LHR,com.gau.go.launcherex,mopub
5.156.197.42 HTTP/1.1,SA,1.993,11.901,157,Saudi Telecom Company Jsc,1.54213E+12,0,0,cellular,e54834a7-eaf7-45d4-85ee-fcf6357b343a,AMS|FRA,com.gau.go.launcherex,mopub
2001:16a2:584b:6100:ecf0:1ed6:4f64:5588 HTTP/1.1,SA,28.584,15.019,138,Saudi Telecom Company Jsc,1.54213E+12,0,0,fixed,c50b3ee9-bbe1-4565-9fc8-651eb29d5ade,LHR|FRA,com.utorrent.client,mopub
51.36.41.77 HTTP/1.1,SA,4.027,22.166,117,Zain Sa,1.54213E+12,24.734724,46.619064,fixed,6a6926b8-108a-4a42-94ce-f9fa237a2886,RUH,com.skout.android,mopub
95.186.78.220 HTTP/1.1,SA,1.415,19.709,137,Saudi Telecom Company Jsc,1.54213E+12,21.378609,39.805999,cellular,1d4b3d0d-3651-495a-993a-cb4a0c775fbe,FRA,com.vialsoft.radarbot_free,mopub
95.186.78.220 HTTP/1.1,SA,0.977,11.586,135,Saudi Telecom Company Jsc,1.54213E+12,21.378609,39.805999,cellular,1d4b3d0d-3651-495a-993a-cb4a0c775fbe,FRA|LHR,com.vialsoft.radarbot_free,mopub
2.91.140.69 HTTP/1.1,SA,5.697,2.667,150,Saudi Telecom Company Jsc,1.54213E+12,0,0,fixed,469ff0e0-b874-4058-a73e-e8b7396e1927,LHR|FRA|AMS,com.myyearbook.m,mopub
51.36.95.105 HTTP/1.1,SA,9.866,5.321,154,Zain Sa,1.54213E+12,0,0,fixed,d862b153-700e-48eb-ba92-173f5a19a127,RUH,com.jb.emoji.gokeyboard,mopub
5.41.207.145 HTTP/1.1,SA,24.91,7.645,134,Saudi Telecom Company Jsc,1.54213E+12,21.488011,39.198128,cellular,24d3e352-c09e-46b7-9891-e7fe2dfbae92,FRA|LHR|AMS,com.myyearbook.m,mopub
78.95.210.16 HTTP/1.1,SA,15.736,3.688,156,Saudi Telecom Company Jsc,1.54213E+12,26.410671,50.111079,cellular,2b4f9cac-cb82-4147-8fdb-97466514315a,FRA|LHR|AMS,com.qihoo.security.lite,mopub
95.218.37.20 HTTP/1.1,SA,5.85,11.415,115,Saudi Telecom Company Jsc,1.54213E+12,0,0,fixed,fd49b100-8330-446a-a1e6-2c2b43cd16de,AMS|FRA,com.myyearbook.m,mopub
129.208.156.174 HTTP/1.1,SA,5.672,2.848,226,Saudi Telecom Company Jsc,1.54213E+12,0,0,fixed,0c1ea373-c62d-46c4-a400-52c1d2341aa1,AMS|LHR,com.utorrent.client,mopub
5.156.250.3 HTTP/1.1,SA,35.448,13.28,121,Saudi Telecom Company Jsc,1.54213E+12,0,0,cellular,db13a722-5681-4996-89c4-6925b00c68be,FRA|AMS,com.pixel.art.coloring.color.number,mopub
93.169.12.173 HTTP/1.1,SA,0.85,0,156,Saudi Telecom Company Jsc,1.54213E+12,0,0,cellular,57a2121e-aaaa-49b7-bf94-41265c08664e,LHR|AMS,com.myyearbook.m,mopub
129.208.127.68 HTTP/1.1,SA,1.725,2.565,213,Saudi Telecom Company Jsc,1.54213E+12,0,0,fixed,40d9b149-bdc5-42ac-a586-bd907616be1f,AMS|LHR|FRA,com.jb.emoji.gokeyboard,mopub
95.219.248.245 HTTP/1.1,SA,5.211,5.478,148,Saudi Telecom Company Jsc,1.54213E+12,0,0,fixed,5d66d1c2-9783-4948-beb0-b1cd14a55b61,LHR|FRA,com.gau.go.launcherex,mopub
2001:16a2:166d:1700:c53:a634:bca2:e3e7 HTTP/1.1,SA,47.866,27.907,108,Saudi Telecom Company Jsc,1.54213E+12,0,0,fixed,a1773a44-fb6d-417d-bf04-69b20681e291,LHR|AMS,com.pixel.art.coloring.color.number,mopub
176.47.6.124 HTTP/1.1,SA,19.05,13.026,163,Saudi Telecom Company Jsc,1.54213E+12,28.40879,36.536448,cellular,dc13ab7a-b8c2-44a2-b223-9834ccb0835d,LHR|FRA,messenger.sms,mopub
151.254.9.106 HTTP/1.1,SA,4.611,18.939,148,Saudi Telecom Company Jsc,1.54213E+12,0,0,cellular,9f4ae15f-dd4f-47ff-baf5-fa349f3b754f,LHR|AMS,com.jiubang.alock,mopub
2001:16a2:88c1:8900:34dd:13b1:ce23:a778 HTTP/1.1,SA,13.248,7.143,109,Saudi Telecom Company Jsc,1.54213E+12,21.688758,39.092146,fixed,e1e2d37f-93c1-4250-8c31-47a81f240e52,AMS|FRA|LHR,com.gau.go.launcherex,mopub
93.168.129.175 HTTP/1.1,SA,3.692,2.2,164,Saudi Telecom Company Jsc,1.54213E+12,0,0,fixed,f6e5232a-7dad-4c1c-9fff-528f035fdf84,FRA|LHR,com.jb.emoji.gokeyboard,mopub
188.55.146.130 HTTP/1.1,SA,5.183,2.585,135,Saudi Telecom Company Jsc,1.54213E+12,21.452668,39.271386,fixed,63c8061c-b451-4bb6-88eb-cd06eb337b03,AMS|FRA|LHR,com.gau.go.launcherex.gowidget.weatherwidget,mopub
95.186.249.52 HTTP/1.1,SA,5.687,3.708,209,Saudi Telecom Company Jsc,1.54213E+12,17.596912,44.10925,cellular,cb83af3f-fde8-4ffa-af0d-c679def7dd63,FRA|AMS|LHR,com.vialsoft.radarbot_free,mopub
2001:16a2:8af6:df00:55a9:8d13:a62c:5d4f HTTP/1.1,SA,7.726,2.58,126,Saudi Telecom Company Jsc,1.54213E+12,21.357031,39.782091,fixed,410192fa-4022-46b5-9ea3-167db89d9b5f,AMS,com.pixel.art.coloring.color.number,mopub
188.50.249.221 HTTP/1.1,SA,5.626,2.883,148,Saudi Telecom Company Jsc,1.54213E+12,0,0,fixed,3ec69d23-d1d4-436f-a10e-de2946f8a07b,FRA|AMS,com.picsart.studio,mopub
51.218.234.53 HTTP/1.1,SA,3.146,3.088,117,Saudi Telecom Company Jsc,1.54213E+12,24.608027,46.713517,fixed,1c87aeb5-428c-4a92-a88e-404dfe261425,FRA,com.skout.android,mopub
2001:16a2:8d97:200:101d:197d:7070:4177 HTTP/1.1,SA,8.318,0,171,Saudi Telecom Company Jsc,1.54213E+12,17.571041,44.231341,fixed,43e1716e-b16b-4375-9925-6286f902d45f,AMS|FRA,com.polestar.domultiple,mopub
2001:16a2:8d97:200:101d:197d:7070:4177 HTTP/1.1,SA,3.524,0,302,Saudi Telecom Company Jsc,1.54213E+12,17.571041,44.231341,fixed,43e1716e-b16b-4375-9925-6286f902d45f,FRA|AMS,com.polestar.domultiple,mopub
5.41.100.244 HTTP/1.1,SA,38.272,8.405,170,Saudi Telecom Company Jsc,1.54213E+12,0,0,fixed,412b0100-7c3a-488c-b77b-c877f2ef9d54,FRA|AMS,com.jb.emoji.gokeyboard,mopub
93.169.64.125 HTTP/1.1,SA,5.192,2.656,165,Saudi Telecom Company Jsc,1.54213E+12,21.617896,39.143415,cellular,4a4e153b-ce63-41c4-b29e-53d214277419,FRA|LHR,com.myyearbook.m,mopub
5.156.98.4 HTTP/1.1,SA,1.793,3.946,246,Saudi Telecom Company Jsc,1.54213E+12,0,0,fixed,50bd1f6c-cbb4-4321-b6d4-aa0a9743b3f3,LHR|FRA|AMS,com.naver.linewebtoon,mopub
5.156.98.4 HTTP/1.1,SA,4.524,4.709,187,Saudi Telecom Company Jsc,1.54213E+12,0,0,fixed,50bd1f6c-cbb4-4321-b6d4-aa0a9743b3f3,LHR|FRA,com.naver.linewebtoon,mopub
93.168.127.190 HTTP/1.1,SA,0.482,1.573,282,Saudi Telecom Company Jsc,1.54213E+12,0,0,cellular,fc6d2dd1-88b3-4751-9354-61b00a5b8bee,AMS|LHR,com.skout.android,mopub
2.88.190.166 HTTP/1.1,SA,3.024,2.767,149,Saudi Telecom Company Jsc,1.54213E+12,0,0,fixed,156a61a7-e509-4894-8a31-844821ce00c2,AMS|FRA,com.jb.emoji.gokeyboard,mopub
78.95.71.168 HTTP/1.1,SA,3.627,6.328,156,Saudi Telecom Company Jsc,1.54213E+12,0,0,cellular,51a85c22-1c8d-4b6f-a0ea-c0501805755b,LHR|AMS,com.picsart.studio,mopub
176.47.106.120 HTTP/1.1,SA,1.058,1.409,176,Saudi Telecom Company Jsc,1.54213E+12,28.395845,36.567433,fixed,7df58cdc-f1d3-4d0e-9571-f7d3f81a4e13,AMS|LHR,io.wifimap.wifimap,mopub
2.91.233.235 HTTP/1.1,SA,3.77,2.709,147,Saudi Telecom Company Jsc,1.54213E+12,24.600085,46.775803,fixed,10392730-0e26-4228-86b2-7860cfd3210c,LHR|AMS,com.myyearbook.m,mopub
188.50.110.121 HTTP/1.1,SA,8.796,5.066,248,Saudi Telecom Company Jsc,1.54213E+12,0,0,fixed,03d7876a-656a-457e-b575-04360fd76a51,LHR|AMS|FRA,best.flashlight,mopub
178.87.19.139 HTTP/1.1,SA,20.171,2.823,135,Saudi Telecom Company Jsc,1.54213E+12,0,0,fixed,7c4b228a-7f79-45ab-a6b3-d314a49b9d13,LHR|FRA|AMS,com.naver.linewebtoon,mopub
78.95.194.218 HTTP/1.1,SA,1.324,0,176,Saudi Telecom Company Jsc,1.54213E+12,0,0,cellular,20959e3d-dd5e-49ce-94eb-ce2b83ad269c,LHR,com.qihoo.security.lite,mopub
188.248.194.177 HTTP/1.1,SA,21.875,6.42,213,Etihad Atheeb Telecom Company,1.54213E+12,0,0,fixed,fdf8c2eb-6609-4f87-9c80-7256f10680b0,LHR,com.qihoo.security.lite,mopub
188.49.144.148 HTTP/1.1,SA,4.88,2.502,128,Saudi Telecom Company Jsc,1.54213E+12,21.360002,39.828623,none,5670a5c0-138b-4f68-a835-22dad9538f63,AMS|FRA,com.pixel.art.coloring.color.number,mopub
188.49.143.157 HTTP/1.1,SA,5.385,5.083,185,Saudi Telecom Company Jsc,1.54213E+12,0,0,fixed,d6522436-3227-4124-851c-37fa48f410e2,LHR|FRA,com.jiubang.alock,mopub
93.169.246.228 HTTP/1.1,SA,1.812,8.452,157,Saudi Telecom Company Jsc,1.54213E+12,28.417925,46.037545,cellular,1a861f98-86de-4ed8-871e-eae6d6fb00b6,FRA|AMS|LHR,com.vialsoft.radarbot_free,mopub
51.253.160.236 HTTP/1.1,SA,11.332,19.237,840,Saudi Telecom Company Jsc,1.54213E+12,21.495984,39.184832,fixed,cd6560d7-420c-400f-a7cc-078624e0c497,FRA|AMS,com.jiubang.alock,mopub
77.31.32.175 HTTP/1.1,SA,2.783,2.883,251,Saudi Telecom Company Jsc,1.54213E+12,0,0,fixed,d0d8f0ee-9d0a-43c5-a9a7-fd8c2267dcba,AMS,com.nextwave.wcc2,mopub
93.168.230.197 HTTP/1.1,SA,3.009,6.239,212,Saudi Telecom Company Jsc,1.54213E+12,26.218708,50.186044,cellular,2240e05b-d539-492d-8391-01ea13671d58,FRA|LHR,com.myyearbook.m,mopub
95.185.139.166 HTTP/1.1,SA,5.181,7.003,143,Saudi Telecom Company Jsc,1.54213E+12,21.261225,40.448784,fixed,5f21e236-3348-4eb8-8397-5e368a957f30,AMS|FRA,com.waplog.social,mopub
51.223.101.46 HTTP/1.1,SA,4.586,3.014,172,Saudi Telecom Company Jsc,1.54213E+12,0,0,fixed,7afde38e-7580-4ad8-8cc1-a47b27f3d3c6,LHR|FRA,com.gau.go.launcherex,mopub
78.95.103.178 HTTP/1.1,SA,14.951,23.741,291,Saudi Telecom Company Jsc,1.54213E+12,26.448571,50.065463,cellular,c096d8ab-d9a3-4d68-ba99-39f0b1790dab,FRA|LHR,com.waplogmatch.social,mopub
2001:16a2:12b7:cb00:c126:d9ca:7377:652b HTTP/1.1,SA,0.543,5.046,133,Saudi Telecom Company Jsc,1.54213E+12,24.676577,46.702235,fixed,dee334a2-bc4d-4aa1-83ac-d18f2f670fcd,LHR|FRA,com.utorrent.client,mopub
95.186.90.18 HTTP/1.1,SA,5.104,2.162,149,Saudi Telecom Company Jsc,1.54213E+12,17.987298,42.484285,cellular,569c1bfd-2134-4244-b37a-4445ff385a4f,AMS|LHR,com.vialsoft.radarbot_free,mopub
95.186.90.18 HTTP/1.1,SA,2.949,0.385,183,Saudi Telecom Company Jsc,1.54213E+12,17.987298,42.484285,cellular,569c1bfd-2134-4244-b37a-4445ff385a4f,FRA|AMS|LHR,com.vialsoft.radarbot_free,mopub
93.169.4.109 HTTP/1.1,SA,16.048,2.858,164,Saudi Telecom Company Jsc,1.54213E+12,21.577215,39.197003,fixed,2f59d8b3-03e4-472c-a2da-43af4f854c1d,AMS|LHR|FRA,com.jb.emoji.gokeyboard,mopub
178.87.181.245 HTTP/1.1,SA,5.533,2.67,235,Saudi Telecom Company Jsc,1.54213E+12,0,0,fixed,ef1d99f6-9faa-4e95-9074-ee35dcdfab1a,LHR|AMS,com.h8games.helixjump,mopub
51.36.126.119 HTTP/1.1,SA,0.027,17.78,124,Zain Sa,1.54213E+12,21.357179,39.658645,cellular,7c9ae022-1700-460c-bd0e-f879673273a5,RUH,com.vialsoft.radarbot_free,mopub
188.50.78.210 HTTP/1.1,SA,4.398,2.682,156,Saudi Telecom Company Jsc,1.54213E+12,0,0,fixed,80626104-7275-4b3d-9fab-a4d8ece8a65b,FRA|LHR,com.qihoo.security.lite,mopub
95.218.184.88 HTTP/1.1,SA,2.028,4.762,337,Saudi Telecom Company Jsc,1.54213E+12,24.557381,46.862663,fixed,272f844b-ce2a-4497-9d3a-cb19667d2f50,FRA|LHR,com.skout.android,mopub
51.36.129.242 HTTP/1.1,SA,1.204,12.169,117,Zain Sa,1.54213E+12,28.352991,36.588976,fixed,51874aef-de8e-4c56-8631-dc3a90face3d,RUH,com.skout.android,mopub
93.168.192.18 HTTP/1.1,SA,1.648,8.113,198,Saudi Telecom Company Jsc,1.54213E+12,0,0,fixed,a8b56985-39d9-4096-be37-e373a2e9306b,LHR|AMS,com.naver.linewebtoon,mopub
2001:16a2:b716:bc00:3811:444f:ba34:1f0f HTTP/1.1,SA,13.998,5.569,121,Saudi Telecom Company Jsc,1.54213E+12,0,0,fixed,2827a09e-e7b7-46eb-a031-2b5a715aa3e5,AMS|LHR,com.pixel.art.coloring.color.number,mopub
93.168.222.246 HTTP/1.1,SA,2.45,20.246,141,Saudi Telecom Company Jsc,1.54213E+12,0,0,fixed,cc90ad5d-7b2e-485d-b9da-b41247a7a207,LHR|FRA,com.skout.android,mopub
2001:16a2:b52e:9d00:b9d5:4e8d:9499:a164 HTTP/1.1,SA,3.468,5.371,193,Saudi Telecom Company Jsc,1.54213E+12,0,0,fixed,e5e781a2-cae2-4132-850f-c35ed96bc94c,LHR,com.jb.emoji.gokeyboard,mopub
109.171.137.212 HTTP/1.1,SA,20.476,14.573,148,King Abdullah University Of Science And Technology,1.54213E+12,22.280783,39.112896,fixed,9d0f0763-09ae-4e01-bcad-e1f7e2494a8b,AMS,com.skout.android,mopub
109.171.137.212 HTTP/1.1,SA,4.66,4.527,113,King Abdullah University Of Science And Technology,1.54213E+12,22.280783,39.112896,fixed,9d0f0763-09ae-4e01-bcad-e1f7e2494a8b,AMS,com.skout.android,mopub
93.168.114.45 HTTP/1.1,SA,2.487,5.504,234,Saudi Telecom Company Jsc,1.54213E+12,0,0,cellular,1568b2c0-96ca-4440-b4e2-b3be428d4011,LHR|FRA|AMS,com.naver.linewebtoon,mopub
93.168.114.45 HTTP/1.1,SA,18.545,4.827,209,Saudi Telecom Company Jsc,1.54213E+12,0,0,cellular,1568b2c0-96ca-4440-b4e2-b3be428d4011,LHR|AMS,com.naver.linewebtoon,mopub
128.234.7.181 HTTP/1.1,SA,3.165,2.884,160,Saudi Telecom Company Jsc,1.54213E+12,21.703012,39.111374,fixed,22e4886f-ef98-4933-b9e4-a8fc1e473b5a,AMS|FRA,com.myyearbook.m,mopub
37.105.194.154 HTTP/1.1,SA,4.628,5.122,158,Saudi Telecom Company Jsc,1.54213E+12,24.139476,47.294435,fixed,5f5574e0-fdd9-4901-ab40-4db9ecd437b1,AMS|LHR,com.jb.zcamera,mopub
95.187.134.155 HTTP/1.1,SA,4.903,3.463,173,Saudi Telecom Company Jsc,1.54213E+12,0,0,fixed,80569d0a-beb0-4db8-a56b-fc16848fb252,AMS|LHR,com.askfm,mopub
51.218.177.222 HTTP/1.1,SA,3.556,2.827,231,Saudi Telecom Company Jsc,1.54213E+12,25.413643,49.588592,fixed,7dd12b75-a688-43d1-a799-22d7a65dd86a,AMS|FRA,com.waplogmatch.social,mopub
151.254.24.117 HTTP/1.1,SA,9.156,2.604,314,Saudi Telecom Company Jsc,1.54213E+12,0,0,cellular,ecd878bc-01f5-4304-8676-dd25cd435361,LHR|AMS,com.hundred.qibla,mopub
95.186.120.241 HTTP/1.1,SA,2.423,6.898,177,Saudi Telecom Company Jsc,1.54213E+12,0,0,fixed,bf7fba20-2d3e-4f4c-80f5-cd65d6e55103,LHR|AMS,com.mobzapp.voicefx,mopub
2001:16a2:8eb0:300:51a9:f934:c833:dd17 HTTP/1.1,SA,10.468,2.307,184,Saudi Telecom Company Jsc,1.54213E+12,21.516113,39.188309,fixed,9e30a86a-1461-4cb1-b9c4-0552f1f6e3d3,FRA|AMS,com.skout.android,mopub
2001:16a2:4f37:3800:c9c0:3207:8685:6cd4 HTTP/1.1,SA,3.288,2.575,347,Saudi Telecom Company Jsc,1.54213E+12,0,0,fixed,caac7686-10b0-4b1e-b6dc-c4024a0346b5,FRA|AMS,com.utorrent.client,mopub
2001:16a2:5d8e:f00:70e5:2779:bb6c:f26d HTTP/1.1,SA,21.854,2.555,127,Saudi Telecom Company Jsc,1.54213E+12,0,0,fixed,ced6f127-dbb4-4be4-be6a-32c92e03f423,AMS|FRA,com.pixel.art.coloring.color.number,mopub
188.248.19.65 HTTP/1.1,SA,2.07,2.367,330,Etihad Atheeb Telecom Company,1.54213E+12,24.672057,46.743647,fixed,f0b084ac-054b-46e2-ab17-0840a9ca38a4,LHR,com.qihoo.security.lite,mopub
176.47.10.254 HTTP/1.1,SA,19.645,4.973,149,Saudi Telecom Company Jsc,1.54213E+12,0,0,cellular,8fc871dd-ea4e-4124-bb34-e1f6c20b2f2b,AMS|FRA,com.pixel.art.coloring.color.number,mopub
93.169.64.125 HTTP/1.1,SA,2.277,2.64,504,Saudi Telecom Company Jsc,1.54213E+12,21.617896,39.143415,cellular,4a4e153b-ce63-41c4-b29e-53d214277419,LHR|FRA|AMS,com.myyearbook.m,mopub
95.186.123.154 HTTP/1.1,SA,1.01,1.901,211,Saudi Telecom Company Jsc,1.54213E+12,20.468673,39.826602,cellular,4b9a8bd1-fc03-46ad-bc68-0fbe15e5880d,FRA|LHR,com.vialsoft.radarbot_free,mopub
37.107.95.72 HTTP/1.1,SA,3.06,2.709,174,Saudi Telecom Company Jsc,1.54213E+12,24.60027,46.727027,fixed,74df7c8f-1c7f-47f2-8391-89d103dd762e,LHR|AMS,com.nextwave.wcc2,mopub
5.156.151.105 HTTP/1.1,SA,3.891,3.517,131,Saudi Telecom Company Jsc,1.54213E+12,26.433372,50.081456,fixed,bd9063c4-6973-4d65-815f-92b89e078a65,LHR|FRA,com.apalon.myclockfree,mopub
95.186.196.146 HTTP/1.1,SA,0.674,1.26,314,Saudi Telecom Company Jsc,1.54213E+12,17.725289,42.032043,cellular,43e890db-9f9b-4f29-8f45-c09fd705f8af,AMS|FRA,com.vialsoft.radarbot_free,mopub
90.148.50.77 HTTP/1.1,SA,6.772,2.816,224,Saudi Telecom Company Jsc,1.54213E+12,30.167845,40.299011,fixed,c5f7f1e6-a1f5-4108-9fc5-e75d3334a8ed,FRA,com.cmcm.locker,mopub
37.105.223.180 HTTP/1.1,SA,14.819,2.51,115,Saudi Telecom Company Jsc,1.54213E+12,0,0,fixed,b5fec2ad-d762-4418-8656-f7823f1dfc03,FRA|AMS,com.h8games.helixjump,mopub
93.168.223.114 HTTP/1.1,SA,0.074,0.896,265,Saudi Telecom Company Jsc,1.54213E+12,24.737438,46.833128,cellular,96e9c3e6-ccfe-48c7-8805-01bd043585d0,FRA,com.callapp.contacts,mopub
128.234.181.167 HTTP/1.1,SA,8.052,6.188,217,Saudi Telecom Company Jsc,1.54213E+12,0,0,fixed,32437730-e146-4762-ae51-d06276d614c4,LHR|FRA,com.qihoo.security.lite,mopub
77.31.16.254 HTTP/1.1,SA,29.534,10.848,138,Saudi Telecom Company Jsc,1.54213E+12,0,0,fixed,912e62d2-4ca2-4ad7-a02b-36c4fd74e857,FRA|AMS,com.paltalk.chat.android,mopub
51.223.22.150 HTTP/1.1,SA,1.614,3.754,223,Saudi Telecom Company Jsc,1.54213E+12,0,0,fixed,19d951fc-7beb-43cd-af74-b6a4ae8a1439,AMS|FRA,com.jb.zcamera,mopub
151.255.116.35 HTTP/1.1,SA,3.641,14.406,137,Saudi Telecom Company Jsc,1.54213E+12,0,0,fixed,06ad6afe-9bd2-4aa6-bb56-c8aaaeb1c42c,FRA|AMS|LHR,com.jb.zcamera,mopub
178.86.14.77 HTTP/1.1,SA,0.887,6.702,381,Saudi Telecom Company Jsc,1.54213E+12,21.581277,39.144112,cellular,6845be53-da5a-4b07-bf91-290ef4fa5293,LHR|FRA|AMS,com.skout.android,mopub
178.86.14.77 HTTP/1.1,SA,20.199,4.362,220,Saudi Telecom Company Jsc,1.54213E+12,21.581277,39.144112,cellular,6845be53-da5a-4b07-bf91-290ef4fa5293,LHR|AMS,com.skout.android,mopub
2001:16a2:1152:2c00:5cfd:ea78:e258:b65c HTTP/1.1,SA,13.69,51.648,125,Saudi Telecom Company Jsc,1.54213E+12,0,0,fixed,a365d855-dd55-488f-8e56-a15fbf9223cb,LHR|FRA|AMS,com.gau.go.launcherex.gowidget.weatherwidget,mopub
176.47.80.90 HTTP/1.1,SA,6.342,3.34,322,Saudi Telecom Company Jsc,1.54213E+12,28.240171,35.448402,fixed,a31808ee-3ffb-49c9-8c66-64dd2850d6a7,FRA|LHR,com.vialsoft.radarbot_free,mopub
2001:16a2:1223:b100:d058:8d03:ae7d:8342 HTTP/1.1,SA,2.33,2.52,141,Saudi Telecom Company Jsc,1.54213E+12,0,0,fixed,64a85fd3-44a0-469e-a669-f537beb4f771,FRA|LHR,com.pixel.art.coloring.color.number,mopub
90.148.210.109 HTTP/1.1,SA,2.691,5.031,189,Saudi Telecom Company Jsc,1.54213E+12,0,0,fixed,e1254ac1-3882-4614-bf51-72df6198ebd9,FRA|LHR,com.qihoo.security,mopub
